{"cameraMode":{"drawMode":0,"name":"Shaded","section":"Shading Mode"},"sceneLighting":true,"audioPlay":false,"sceneViewState":{"showFog":true,"showMaterialUpdate":false,"showSkybox":true,"showFlares":true,"showImageEffects":true,"showParticleSystems":true},"in2DMode":false,"pivot":{"x":7.010124206542969,"y":25.4068546295166,"z":16.06648063659668},"rotation":{"x":0.30915817618370058,"y":0.2593029737472534,"z":-0.08839946985244751,"w":0.9108744859695435},"size":303.6265563964844,"orthographic":true}