{"cameraMode":{"drawMode":0,"name":"Shaded","section":"Shading Mode"},"sceneLighting":true,"audioPlay":false,"sceneViewState":{"showFog":true,"showMaterialUpdate":false,"showSkybox":true,"showFlares":true,"showImageEffects":true,"showParticleSystems":true},"in2DMode":false,"pivot":{"x":-0.28125,"y":1.03033447265625,"z":4.0355224609375},"rotation":{"x":-0.05421527475118637,"y":0.05904848501086235,"z":-0.0028956355527043344,"w":-0.9969496130943298},"size":0.686510443687439,"orthographic":true}