{"cameraMode":{"drawMode":0,"name":"Shaded","section":"Shading Mode"},"sceneLighting":true,"audioPlay":false,"sceneViewState":{"showFog":true,"showMaterialUpdate":false,"showSkybox":true,"showFlares":true,"showImageEffects":true,"showParticleSystems":true},"in2DMode":false,"pivot":{"x":0.7266236543655396,"y":0.7249526977539063,"z":1.6965041160583497},"rotation":{"x":-0.33355724811553957,"y":-0.06127724051475525,"z":0.021763140335679055,"w":-0.9405401945114136},"size":1.7962857484817505,"orthographic":false}