{"cameraMode":{"drawMode":0,"name":"Shaded","section":"Shading Mode"},"sceneLighting":true,"audioPlay":false,"sceneViewState":{"showFog":true,"showMaterialUpdate":false,"showSkybox":true,"showFlares":true,"showImageEffects":true,"showParticleSystems":true},"in2DMode":false,"pivot":{"x":1.6783447265625,"y":1.5345458984375,"z":1.064697265625},"rotation":{"x":-0.23229029774665833,"y":-0.30930227041244509,"z":0.07890595495700836,"w":-0.9189738631248474},"size":1.301460862159729,"orthographic":true}