{"cameraMode":{"drawMode":0,"name":"Shaded","section":"Shading Mode"},"sceneLighting":true,"audioPlay":false,"sceneViewState":{"showFog":true,"showMaterialUpdate":false,"showSkybox":true,"showFlares":true,"showImageEffects":true,"showParticleSystems":true},"in2DMode":false,"pivot":{"x":-13.620307922363282,"y":-7.053110122680664,"z":2.7733941078186037},"rotation":{"x":-0.1773446500301361,"y":0.6380484104156494,"z":-0.15432298183441163,"w":-0.7332315444946289},"size":10.0,"orthographic":false}