{"cameraMode":{"drawMode":0,"name":"Shaded","section":"Shading Mode"},"sceneLighting":true,"audioPlay":false,"sceneViewState":{"showFog":true,"showMaterialUpdate":false,"showSkybox":false,"showFlares":true,"showImageEffects":true,"showParticleSystems":true},"in2DMode":false,"pivot":{"x":2.247997999191284,"y":0.3101251721382141,"z":-0.7672094702720642},"rotation":{"x":0.08405773341655731,"y":0.8690528869628906,"z":-0.1584167778491974,"w":0.461088627576828},"size":3.1679930686950685,"orthographic":false}