{"cameraMode":{"drawMode":0,"name":"Shaded","section":"Shading Mode"},"sceneLighting":true,"audioPlay":false,"sceneViewState":{"showFog":true,"showMaterialUpdate":false,"showSkybox":true,"showFlares":true,"showImageEffects":true,"showParticleSystems":true},"in2DMode":false,"pivot":{"x":0.12845981121063233,"y":-0.03735065460205078,"z":0.42247891426086428},"rotation":{"x":0.08621939271688461,"y":0.9137653708457947,"z":-0.28447502851486208,"w":0.27696526050567629},"size":1.078810691833496,"orthographic":false}