{"cameraMode":{"drawMode":0,"name":"Shaded","section":"Shading Mode"},"sceneLighting":true,"audioPlay":false,"sceneViewState":{"showFog":true,"showMaterialUpdate":false,"showSkybox":true,"showFlares":true,"showImageEffects":true,"showParticleSystems":true},"in2DMode":false,"pivot":{"x":-34.96148681640625,"y":3.218245506286621,"z":23.04730224609375},"rotation":{"x":0.06731873005628586,"y":0.8889083862304688,"z":-0.4313773512840271,"w":0.13871236145496369},"size":7.073879241943359,"orthographic":false}