{"cameraMode":{"drawMode":0,"name":"Shaded","section":"Shading Mode"},"sceneLighting":true,"audioPlay":false,"sceneViewState":{"showFog":true,"showMaterialUpdate":false,"showSkybox":true,"showFlares":true,"showImageEffects":true,"showParticleSystems":true},"in2DMode":false,"pivot":{"x":0.5260000228881836,"y":1.6500000953674317,"z":0.24000000953674317},"rotation":{"x":-0.06865961849689484,"y":0.5727247595787048,"z":-0.048222243785858157,"w":-0.8154501914978027},"size":4.94965124130249,"orthographic":true}