{"cameraMode":{"drawMode":0,"name":"Shaded","section":"Shading Mode"},"sceneLighting":true,"audioPlay":false,"sceneViewState":{"showFog":true,"showMaterialUpdate":false,"showSkybox":true,"showFlares":true,"showImageEffects":true,"showParticleSystems":true},"in2DMode":false,"pivot":{"x":1.1137146949768067,"y":0.12153184413909912,"z":3.662005662918091},"rotation":{"x":0.3070802092552185,"y":0.052183251827955249,"z":-0.01699449121952057,"w":0.9501612186431885},"size":2.1789753437042238,"orthographic":false}