{"cameraMode":{"drawMode":0,"name":"Shaded","section":"Shading Mode"},"sceneLighting":true,"audioPlay":false,"sceneViewState":{"showFog":true,"showMaterialUpdate":false,"showSkybox":true,"showFlares":true,"showImageEffects":true,"showParticleSystems":true},"in2DMode":false,"pivot":{"x":0.11157482862472534,"y":2.1418116092681886,"z":-1.7828670740127564},"rotation":{"x":-0.20118598639965058,"y":-0.32984018325805666,"z":0.07216734439134598,"w":-0.9195333123207092},"size":0.1363147497177124,"orthographic":false}