{"cameraMode":{"drawMode":0,"name":"Shaded","section":"Shading Mode"},"sceneLighting":true,"audioPlay":false,"sceneViewState":{"showFog":true,"showMaterialUpdate":false,"showSkybox":true,"showFlares":true,"showImageEffects":true,"showParticleSystems":true},"in2DMode":false,"pivot":{"x":1.9629292488098145,"y":0.01890742778778076,"z":3.7886056900024416},"rotation":{"x":-0.19491104781627656,"y":-0.2246146947145462,"z":0.045889705419540408,"w":-0.9536696076393127},"size":2.4339711666107179,"orthographic":false}