{"cameraMode":{"drawMode":0,"name":"Shaded","section":"Shading Mode"},"sceneLighting":true,"audioPlay":false,"sceneViewState":{"showFog":true,"showMaterialUpdate":false,"showSkybox":true,"showFlares":true,"showImageEffects":true,"showParticleSystems":true},"in2DMode":false,"pivot":{"x":1.1782748699188233,"y":2.015711784362793,"z":0.8933783769607544},"rotation":{"x":-0.10238456726074219,"y":-0.02716376632452011,"z":0.002773336600512266,"w":-0.9943937659263611},"size":0.5958056449890137,"orthographic":false}