{"cameraMode":{"drawMode":0,"name":"Shaded","section":"Shading Mode"},"sceneLighting":true,"audioPlay":false,"sceneViewState":{"showFog":true,"showMaterialUpdate":false,"showSkybox":true,"showFlares":true,"showImageEffects":true,"showParticleSystems":true},"in2DMode":false,"pivot":{"x":-0.1358746439218521,"y":1.3277711868286133,"z":2.5227267742156984},"rotation":{"x":0.22221750020980836,"y":0.11173127591609955,"z":-0.025710182264447213,"w":0.9682751893997192},"size":0.47822141647338869,"orthographic":false}