{"cameraMode":{"drawMode":0,"name":"Shaded","section":"Shading Mode"},"sceneLighting":true,"audioPlay":false,"sceneViewState":{"showFog":true,"showMaterialUpdate":false,"showSkybox":true,"showFlares":true,"showImageEffects":true,"showParticleSystems":true},"in2DMode":false,"pivot":{"x":4.561916828155518,"y":-0.8564732074737549,"z":2.801687002182007},"rotation":{"x":0.1975986510515213,"y":0.5628162622451782,"z":-0.1408594697713852,"w":0.7902309894561768},"size":3.1782214641571047,"orthographic":false}