{"cameraMode":{"drawMode":0,"name":"Shaded","section":"Shading Mode"},"sceneLighting":true,"audioPlay":false,"sceneViewState":{"showFog":true,"showMaterialUpdate":false,"showSkybox":true,"showFlares":true,"showImageEffects":true,"showParticleSystems":true},"in2DMode":false,"pivot":{"x":0.8638153076171875,"y":0.587732195854187,"z":1.6744011640548707},"rotation":{"x":0.27972784638404848,"y":0.2977345883846283,"z":-0.09177760779857636,"w":0.9081732630729675},"size":1.409062385559082,"orthographic":false}